loss/dynamics_holdout_loss,loss/dynamics_train_loss,timestep
0.7824583,-8.69420955263061,1
0.6425417,-27.361183562257956,2
